5.200000000000000000e+02,5.000000000000000000e+02,0.000000000000000000e+00
5.200000000000000000e+02,5.000000000000000000e+02,0.000000000000000000e+00
5.204946801632886491e+02,5.000036792952918745e+02,1.351258479423638576e-04
5.209702724332641992e+02,5.000054500442885796e+02,2.386721636927295316e-04
5.214704215454826226e+02,5.000023028181590234e+02,-3.691998433108803967e-04
5.219207650974067292e+02,5.000057563234214513e+02,9.948376712208365240e-05
5.223539611119629171e+02,5.000083492321451217e+02,-1.377929968804188958e-04
5.227965236263795532e+02,5.000121107889501104e+02,2.318737124143296306e-04
5.232590728176691073e+02,5.000137093011925913e+02,-2.622744390173384704e-05
5.237165541718624127e+02,5.000097796294051022e+02,-8.773219474525644000e-05
5.241851849904713845e+02,5.000082090495865259e+02,-7.674945511849430319e-04
5.245985176580733196e+02,5.000086462571096604e+02,-1.087485106550950694e-04
5.250230454683708103e+02,5.000075636511059542e+02,-3.623559653622634037e-04
5.254498611664473628e+02,5.000038657469025338e+02,-3.463379003620636063e-04
5.258765678674629953e+02,5.000090368656504438e+02,-9.482623127318655322e-04
5.262682458916959831e+02,5.000142480018056972e+02,-1.406245391048236738e-03
5.266891272789407594e+02,5.000134397156582509e+02,-1.290766302067044603e-03
5.270477861381350522e+02,5.000129859680706659e+02,-1.018334204491448593e-03
5.274495431856654477e+02,5.000131346743352196e+02,-1.690588705771259173e-03
5.278019799735051265e+02,5.000139115099862579e+02,-1.997719624069284328e-03
5.281759713646932823e+02,5.000128707518379088e+02,-2.280512167512517476e-03
5.285016909352012817e+02,5.000121068914400553e+02,-1.941225450071176056e-03
5.288399882230769435e+02,5.000096904885210733e+02,-2.256456708326642999e-03
5.291787148255325519e+02,5.000101176971323298e+02,-1.680933416784440417e-03
5.294887203378993945e+02,5.000115768430397338e+02,-1.876268535994577227e-03
5.297849411160456157e+02,5.000124751287322056e+02,-1.438725779250697679e-03
5.300611331814150162e+02,5.000125020884871105e+02,-1.960835971513667439e-03
5.303621210211390462e+02,5.000101458598372233e+02,-2.008040129038414934e-03
5.306778290130148434e+02,5.000063440036328757e+02,-2.109944957319642277e-03
5.309538228345168136e+02,5.000050669989993253e+02,-2.409991592436230498e-03
5.312145977862164727e+02,5.000043358711536143e+02,-3.750062281073619427e-03
5.314736409828414025e+02,5.000081485947588931e+02,-2.533576931968416993e-03
5.317157814086890539e+02,5.000023427366141391e+02,-3.724038813099419219e-03
5.319514193052999644e+02,5.000036484137215211e+02,-4.099010546326615177e-03
5.321981628081607596e+02,5.000059755088923907e+02,-4.129048875770825397e-03
5.324299337196073338e+02,5.000035650127953772e+02,-4.244246594417354877e-03
5.326245473043237553e+02,5.000045702811069646e+02,-4.909028187798891198e-03
5.327809283528368951e+02,5.000039841682863084e+02,-4.258950054988500794e-03
5.329735395501995754e+02,5.000102323779804010e+02,-4.223698696007803163e-03
5.331324694204165553e+02,5.000083368344797350e+02,-5.148952820301192466e-03
5.332760430500152324e+02,5.000131200106872598e+02,-4.722887499626415159e-03
5.334378103984046220e+02,5.000111705578531769e+02,-4.134817462479603925e-03
5.335618876468769258e+02,5.000129252261269244e+02,-5.130788310038046293e-03
5.337057306191409225e+02,5.000173908615373080e+02,-4.439654621980634007e-03
5.337984661367929675e+02,5.000080427035338744e+02,-6.329374220537657171e-03
5.339046592635659181e+02,5.000126808775946188e+02,-7.260455770159672008e-03
5.339937323670982323e+02,5.000081371321822985e+02,-7.214389883577004836e-03
5.340676520141112178e+02,5.000049121200649438e+02,-7.162290176992887336e-03
5.341602718777949121e+02,5.000148252117870697e+02,-8.465204935820910825e-03
5.342408162345951723e+02,5.000127339739611330e+02,-6.481591315349877376e-03
5.343076324129718842e+02,5.000163495700536487e+02,-7.205573152232144264e-03
5.343455679457521228e+02,5.000144840012929990e+02,-8.092435346570630086e-03
5.344028265518818444e+02,5.000038768379093312e+02,-8.752923963626780060e-03
5.344655843052069031e+02,5.000124160142991627e+02,-8.591012878388185406e-03
5.344880160386069292e+02,5.000141843995776298e+02,-7.678689470559180857e-03
5.345281937008511477e+02,5.000114094373019498e+02,-8.085868445550429412e-03
5.345494456261347977e+02,5.000066535438621713e+02,-7.738312090936492506e-03
5.345672068056567241e+02,5.000104150076858787e+02,-9.752614998299227733e-03
5.345809245805896808e+02,5.000162227923941600e+02,-9.501042201537151025e-03
5.346021372771036795e+02,5.000177369745164242e+02,-9.226365793659950520e-03
5.345957022856509866e+02,5.000141859360389276e+02,-9.324531134473242056e-03
5.345916638133039669e+02,5.000169147009184485e+02,-9.049045943592933308e-03
5.345898448416362498e+02,5.000134831471440293e+02,-9.331834135047482534e-03
5.345727883542409700e+02,5.000129766281805814e+02,-8.149238205947369890e-03
5.345905865371121308e+02,5.000157234107588238e+02,-8.527326475480134435e-03
5.345878093701988973e+02,5.000104766024126093e+02,-8.240649478607314435e-03
5.345898630612663283e+02,5.000135871545094801e+02,-7.480141096189920659e-03
5.345857768571545421e+02,5.000156220083976564e+02,-7.783477270769885263e-03
5.345727742894812309e+02,5.000139643066910935e+02,-8.250811425465616120e-03
5.345707672005316908e+02,5.000108813677333615e+02,-7.733579174677315989e-03
5.345694630480907108e+02,5.000146851679573388e+02,-8.504397090780501517e-03
5.345705420482213412e+02,5.000119315995802936e+02,-8.331029083562636189e-03
5.345695266768939291e+02,5.000136971594287729e+02,-8.658899771817109639e-03
5.345893119283731494e+02,5.000127605670789421e+02,-8.862550283812739224e-03
5.345883852177853441e+02,5.000099883942626207e+02,-9.660399783012816113e-03
5.345880686412547220e+02,5.000107214674396801e+02,-9.241099598361899106e-03
5.345983387377682448e+02,5.000097201887630263e+02,-8.917880540302939099e-03
5.345899828955134581e+02,5.000084024741297526e+02,-9.319682528323521356e-03
5.345957019783351143e+02,5.000109244540700502e+02,-9.461373438895376992e-03
5.345910183917958420e+02,5.000181849399373846e+02,-8.963375860943083306e-03
5.345927005053285939e+02,5.000216234494857872e+02,-9.241381308833984329e-03
5.345914589212701458e+02,5.000231991600738866e+02,-8.556576324281100002e-03
5.346039063090997843e+02,5.000273849115375810e+02,-8.577698328835873381e-03
5.346036664491160764e+02,5.000274024793233707e+02,-8.496899545343283150e-03
5.346102263163602402e+02,5.000261849260350004e+02,-9.265651259762339859e-03
5.346046228178779529e+02,5.000268246101251748e+02,-8.872324459724181475e-03
5.346085825669174483e+02,5.000221228481126445e+02,-9.752626150632298652e-03
5.346023054583602061e+02,5.000238525608759801e+02,-9.333858538903542015e-03
5.346075223974271466e+02,5.000214600584900495e+02,-9.748878395051544313e-03
5.345974934379927390e+02,5.000293849672273154e+02,-9.520327036444259372e-03
5.346056618190599465e+02,5.000239235648053864e+02,-8.989595587137641855e-03
5.345970221874164281e+02,5.000230941660801136e+02,-9.104384381514557881e-03
5.346037517170735782e+02,5.000172607205971076e+02,-9.120837267918026001e-03
5.346080468205043417e+02,5.000239437960757414e+02,-8.978895867596141389e-03
5.346113009088207946e+02,5.000199300984315869e+02,-8.663494731448142389e-03
5.346148013347932419e+02,5.000228862325046180e+02,-8.687776279864204212e-03
5.346135948458216944e+02,5.000229923733247119e+02,-9.288727746405406327e-03
5.346160421692445652e+02,5.000178856093452282e+02,-9.193250920698749912e-03
5.346167316274246559e+02,5.000212743277033951e+02,-9.205412561117853193e-03
5.346219086643039873e+02,5.000247730927575276e+02,-8.969293173982897244e-03
5.346101879557047596e+02,5.000214675318310356e+02,-9.322158214991963995e-03
5.346079417918737136e+02,5.000215797267167659e+02,-9.201938399135006080e-03
5.346043242091844832e+02,5.000185785357365944e+02,-9.210857132231820357e-03
5.346277006189450276e+02,5.000198527504227854e+02,-8.403363208880763879e-03
5.346236713736637967e+02,5.000218712594571571e+02,-8.733233698000058762e-03
5.346192812862826713e+02,5.000215843440015533e+02,-8.509757127171471008e-03
5.346272380838065601e+02,5.000229842833170437e+02,-8.911553997403832278e-03
5.346138936659114052e+02,5.000216494603208730e+02,-9.121152183190768536e-03
5.346188018419966284e+02,5.000241734745597455e+02,-8.993246712325556058e-03
5.346180650505390304e+02,5.000220630067670982e+02,-9.573642243419519179e-03
5.346212278244101981e+02,5.000245372188466604e+02,-9.075857082009922833e-03
5.346176774705352273e+02,5.000232531240949925e+02,-8.558092985277362952e-03
5.346072126748666733e+02,5.000173417605882946e+02,-8.678823528408189172e-03
5.346140451152772357e+02,5.000192842563451450e+02,-8.991691666847489994e-03
5.346143217311667968e+02,5.000196251555431672e+02,-9.586434227694218962e-03
5.346055420256353727e+02,5.000193816519305301e+02,-9.329551871813583294e-03
5.346143202352926664e+02,5.000187467015102811e+02,-9.677431273958706642e-03
5.346043521680886670e+02,5.000177288137609821e+02,-9.862808254887856299e-03
5.346073164704989722e+02,5.000191014974828931e+02,-9.195859456186370601e-03
5.346124646468241508e+02,5.000202546571157995e+02,-9.815054044972015834e-03
5.346039281433719452e+02,5.000186947265036679e+02,-9.607341519677741956e-03
5.346037045668892915e+02,5.000148066289630719e+02,-9.505175977391687805e-03
5.345962288681013206e+02,5.000180002331011337e+02,-9.346397864112921186e-03
5.346031906168673231e+02,5.000190036055300880e+02,-9.469647143110068374e-03
5.346068522186697010e+02,5.000173133250783621e+02,-9.626595006486235104e-03
5.346027980739196437e+02,5.000196178550347668e+02,-9.220823605212558408e-03
5.346027424504133023e+02,5.000156035380921935e+02,-9.484908404824025224e-03
5.346016672267668355e+02,5.000175469718478780e+02,-9.177912789891308487e-03
5.345925198507853793e+02,5.000113788892684283e+02,-8.977533495753324891e-03
5.345898843969874861e+02,5.000133209102442606e+02,-9.150228062459502681e-03
5.345960340063829790e+02,5.000193053313305427e+02,-9.211767748558594496e-03
5.345981747792553733e+02,5.000142256435783565e+02,-9.229936942728028670e-03
5.346014072215469923e+02,5.000172919574334287e+02,-8.683843780038077650e-03
5.345946908257019459e+02,5.000179937947815461e+02,-1.006768818145330202e-02
5.345979832603707109e+02,5.000161759427762718e+02,-9.128493884843229614e-03
5.345900652546566789e+02,5.000140359647958803e+02,-8.884076828016937433e-03
5.345900820416089800e+02,5.000145110493511993e+02,-9.145576397831369289e-03
5.345799854017719781e+02,5.000121656485017070e+02,-9.437282738533914542e-03
5.345826957009662692e+02,5.000182068517491984e+02,-9.447362978108343398e-03
5.345855046948306608e+02,5.000162981525152190e+02,-9.387351059638348455e-03
5.345869889173495721e+02,5.000084837070144772e+02,-1.168573160679890754e-02
5.345937000519770663e+02,5.000072746486762867e+02,-1.157612782841376496e-02
5.345997974563599655e+02,5.000101430259379640e+02,-1.151215168779251390e-02
5.345894387171973676e+02,5.000026045963231809e+02,-1.210312463783526013e-02
5.345987405344739045e+02,5.000039317718569691e+02,-1.253371871936720047e-02
5.345902389824412921e+02,5.000174136026234351e+02,-1.164245055233719892e-02
5.345962344937255466e+02,5.000176011166265653e+02,-1.150449067176158996e-02
5.345920312203962794e+02,5.000164571671766680e+02,-1.110966897286522204e-02
5.345866046001211771e+02,5.000206650610903125e+02,-1.008132214662301254e-02
5.345861851430507841e+02,5.000186944876538746e+02,-1.057459264327135356e-02
5.345801683774651565e+02,5.000185748314851821e+02,-1.038935244619350502e-02
5.345807445328847507e+02,5.000241546573167852e+02,-9.675301220261103494e-03
5.345783278775539884e+02,5.000259069215062482e+02,-9.700792020541484928e-03
5.345824827708316889e+02,5.000249868515453500e+02,-1.024711711634572822e-02
5.345777359888563751e+02,5.000320685238992837e+02,-1.060690738520665873e-02
5.345673781457055611e+02,5.000208335559399302e+02,-1.050227391783806023e-02
5.345680473212116794e+02,5.000254895703216107e+02,-1.026642499082014957e-02
5.345801069534342105e+02,5.000308237801602331e+02,-1.030735774621941055e-02
5.345624203739643008e+02,5.000246415129266779e+02,-9.617104371863740772e-03
5.345760640481535120e+02,5.000281551835128084e+02,-9.524272996283130940e-03
5.345744146161048320e+02,5.000284465161594767e+02,-1.023102935388840382e-02
5.345819576267396087e+02,5.000273005421909147e+02,-1.066256503344213333e-02
5.345735322783318679e+02,5.000304224253393386e+02,-1.041730661259122719e-02
5.345862245579960472e+02,5.000256154798149737e+02,-1.041552963291994365e-02
5.345914397000640292e+02,5.000222800699878007e+02,-9.911088855989612714e-03
5.345868116429001020e+02,5.000346853784005248e+02,-1.000726488487859236e-02
5.345851942454622758e+02,5.000304516745692922e+02,-9.425622135860045256e-03
5.345800092051405272e+02,5.000266283501680391e+02,-1.016572830038223706e-02
5.345751866461599775e+02,5.000433079529518636e+02,-1.031988767497482931e-02
5.345723683160645123e+02,5.000384912335281342e+02,-1.059495951517707736e-02
5.345780352007653846e+02,5.000354419601843006e+02,-9.341872271831960783e-03
5.345995357399559680e+02,5.000368448081865722e+02,-9.384252971580861816e-03
5.345937696271498680e+02,5.000338276956064192e+02,-9.392408781370875648e-03
5.345897939149765534e+02,5.000362664594229045e+02,-9.824763551430880371e-03
5.345917549859276505e+02,5.000332964153716375e+02,-9.036696664323488892e-03
5.345818870799023443e+02,5.000356761722584906e+02,-9.548783191938761683e-03
5.345829873110083099e+02,5.000336818044447682e+02,-9.402954607165250195e-03
5.345807498191131799e+02,5.000375776750267960e+02,-9.271957473379749404e-03
5.345779916700856802e+02,5.000377130184177759e+02,-9.461904870094375170e-03
5.345715919145102362e+02,5.000308582444498597e+02,-1.069459722311216082e-02
5.345652924026943538e+02,5.000371892104829499e+02,-1.075910437391821607e-02
5.345660505911054088e+02,5.000282629567417985e+02,-1.033108584950767107e-02
5.345657278946995348e+02,5.000304162781177979e+02,-9.818960052042541992e-03
5.345677177152925879e+02,5.000365236907628628e+02,-9.948451090718674408e-03
5.345641994020238599e+02,5.000351497711071147e+02,-8.909882152294476554e-03
5.345707242445008660e+02,5.000341048540332736e+02,-8.720320918529766291e-03
5.345702208162490479e+02,5.000363669683277976e+02,-8.942209339798383450e-03
5.345733153530846948e+02,5.000403586038885919e+02,-8.911399486789818927e-03
5.345672954523068938e+02,5.000359410314707702e+02,-8.633921466027087710e-03
5.345681009299294146e+02,5.000321462861311943e+02,-8.226209164242671498e-03
5.345648803402463045e+02,5.000404920642502589e+02,-9.128068498888159549e-03
5.345653343885145432e+02,5.000368479352365512e+02,-9.382396074426228513e-03
5.345668707018046462e+02,5.000332895087018983e+02,-1.004371681801087893e-02
5.345719962080199821e+02,5.000341278209369875e+02,-1.099039036695721901e-02
5.345752653093082927e+02,5.000320534459708597e+02,-1.123885760555285926e-02
5.345841700019470863e+02,5.000261762037764015e+02,-1.151708699513086243e-02
5.345777157887647490e+02,5.000284488082780854e+02,-1.131427925686090581e-02
5.345722234838196982e+02,5.000302870545551173e+02,-1.073362184898805395e-02
5.345791360839830304e+02,5.000314874926959305e+02,-1.087877689879983983e-02
5.345774758498754409e+02,5.000304154019812586e+02,-1.046628272155932481e-02
5.345711902390163459e+02,5.000286755913106163e+02,-9.948547294560343424e-03
5.345787918006483324e+02,5.000281545813305115e+02,-1.056360677736269127e-02
5.345742233339849463e+02,5.000305585650310718e+02,-1.063846453140370948e-02
5.345691208343022254e+02,5.000317222674431719e+02,-1.052580090595220223e-02
5.345733070914011478e+02,5.000341108584453309e+02,-1.031764958947290964e-02
5.345749105701119106e+02,5.000287361439061442e+02,-1.099935079654943380e-02
5.345766072034031140e+02,5.000292642548056961e+02,-1.120428986191530918e-02
5.345852018921619901e+02,5.000291890097543615e+02,-1.069012952065460063e-02
5.345746173846512193e+02,5.000302748791905287e+02,-9.900354857579085968e-03
5.345813639697239523e+02,5.000267609283811794e+02,-1.060660957187711806e-02
5.345712215405354755e+02,5.000281585734623491e+02,-9.991982597433253857e-03
5.345802760155614806e+02,5.000256556939592087e+02,-1.086335076360635428e-02
5.345743627941842533e+02,5.000193624474721332e+02,-1.199361289083801345e-02
5.345787381340093134e+02,5.000332416345793831e+02,-9.979399552788335848e-03
5.345856640605544499e+02,5.000380620175488389e+02,-9.629908509677143763e-03
5.345878979530002653e+02,5.000300223788589733e+02,-1.105562596142027794e-02
5.345760099248394681e+02,5.000282408512861139e+02,-1.100590278850078173e-02
5.345694180049343913e+02,5.000325731185142786e+02,-1.063656923070043121e-02
5.345721621402555002e+02,5.000280628158876084e+02,-1.049996272340600161e-02
5.345765757878876911e+02,5.000275072738410245e+02,-9.816366191136788669e-03
5.345697732378749834e+02,5.000304335553564670e+02,-1.017286127647786496e-02
5.345730722915513979e+02,5.000195802904357834e+02,-9.778203557451785322e-03
5.345720356229130630e+02,5.000199010893400100e+02,-9.138284589791921889e-03
5.345729883021768956e+02,5.000220889094850918e+02,-9.684223494870037793e-03
5.345764985224817565e+02,5.000162362328395602e+02,-1.043921830047069184e-02
5.345692197433551200e+02,5.000222203952764630e+02,-9.648361132782253338e-03
5.345765345357822298e+02,5.000225371201139524e+02,-9.907564645498901507e-03
5.345735113737189295e+02,5.000225902722515343e+02,-9.631804976459282241e-03
5.345762385730012056e+02,5.000255459513397795e+02,-1.014639485334158618e-02
5.345797198216432662e+02,5.000238508956949772e+02,-1.047616662864956499e-02
5.345780941842723450e+02,5.000333090480746705e+02,-8.970714737024130386e-03
5.345800100136169704e+02,5.000358596918658804e+02,-9.556314428590475391e-03
5.345830300441563168e+02,5.000302776833235612e+02,-1.035118764940580124e-02
5.345807025538789503e+02,5.000292695911903138e+02,-1.015547711338628603e-02
5.345812220806484447e+02,5.000267122439909713e+02,-1.013189172067929973e-02
5.345814510029365465e+02,5.000245816537292285e+02,-1.067742913213620692e-02
5.345814106052075658e+02,5.000279146324649560e+02,-1.052473740907097256e-02
5.345750789545976431e+02,5.000273023996895176e+02,-1.058956134343951548e-02
5.345817334794969611e+02,5.000297287309410876e+02,-1.025714067435938570e-02
5.345772582543570479e+02,5.000291116034584320e+02,-9.419802670480632509e-03
5.345789466065697297e+02,5.000304744027750417e+02,-9.691014368882294033e-03
5.345795202972096831e+02,5.000344602845123632e+02,-9.695496716703271012e-03
5.345836183746166625e+02,5.000272587998942413e+02,-1.035437196732825853e-02
5.345830508547288673e+02,5.000308107811684977e+02,-1.025248948917755615e-02
5.345835699672988994e+02,5.000297572955038845e+02,-9.573576992340683892e-03
5.345824722335223669e+02,5.000253711129116141e+02,-9.780959758161901843e-03
5.345801162959904786e+02,5.000267417448652054e+02,-1.000310097116593328e-02
5.345816421131249854e+02,5.000298260633850873e+02,-1.022019609590359319e-02
5.345825476123912949e+02,5.000254418209868277e+02,-1.077974183277765480e-02
5.345770958031184819e+02,5.000333417751458001e+02,-9.706081056386870951e-03
5.345732324816219716e+02,5.000310980199102460e+02,-9.479711789152484719e-03
5.345721588450946911e+02,5.000341742294069718e+02,-9.130705806011557221e-03
5.345818073965311896e+02,5.000302683341886905e+02,-1.027061640114909462e-02
5.345728187798720228e+02,5.000269398984478357e+02,-9.989269848366200480e-03
5.345740934221763609e+02,5.000248052433707358e+02,-9.970636886568566559e-03
5.345735034684614675e+02,5.000258424592956317e+02,-9.400770171502897954e-03
5.345622437784850263e+02,5.000279277319936000e+02,-8.713445984252880805e-03
5.345728724167535120e+02,5.000344961736645928e+02,-9.106451431289151743e-03
5.345699402912816822e+02,5.000307981098038113e+02,-9.464143704296847787e-03
5.345736501172345925e+02,5.000290555096631806e+02,-1.021798676936902517e-02
5.345843083376247478e+02,5.000319839047339201e+02,-9.250375914638024957e-03
5.345711675197138675e+02,5.000281210545138606e+02,-9.829569449578589441e-03
5.345698247708721738e+02,5.000307140314150729e+02,-9.663947458781060873e-03
5.345878532391199087e+02,5.000306937489829124e+02,-1.023779556826420571e-02
5.345836293742909220e+02,5.000277721910289870e+02,-9.933993230385780235e-03
5.345811711744738659e+02,5.000310403590910937e+02,-9.481236349796305293e-03
5.345752378167539973e+02,5.000297374661740832e+02,-9.589556073804074779e-03
5.345735641636210858e+02,5.000306787558718611e+02,-9.425920865233375356e-03
5.345661760656108754e+02,5.000298301847219022e+02,-9.153893220271838715e-03
5.345727746584924489e+02,5.000368833976042993e+02,-9.319900858491126164e-03
5.345785772655698338e+02,5.000359196176409569e+02,-9.514102959914939178e-03
5.345625152531529238e+02,5.000417778106801165e+02,-8.596487819350212556e-03
5.345653021157096418e+02,5.000390752740692619e+02,-8.511505406158841741e-03
5.345650398403879535e+02,5.000344669895127936e+02,-7.563491544595609371e-03
5.345706747706133228e+02,5.000351113642120140e+02,-8.439028383828693983e-03
5.345733613242292677e+02,5.000341863899318469e+02,-9.760232049984990735e-03
5.345797822113416942e+02,5.000347482211147394e+02,-9.854631000546437009e-03
5.345752621534686568e+02,5.000342863885765610e+02,-9.156322811298075320e-03
5.345752007184577224e+02,5.000360989492201611e+02,-9.790807589619145504e-03
5.345761930176762462e+02,5.000254995054437472e+02,-9.779210633191148805e-03
5.345824722313494703e+02,5.000281197078247715e+02,-1.005826415105344485e-02
5.345800770118082710e+02,5.000292752181086371e+02,-1.006182723969077826e-02
5.345775569244132157e+02,5.000268951317530082e+02,-9.201400116258083225e-03
5.345731554114904611e+02,5.000281663112777437e+02,-9.077799726008594500e-03
5.345833966046318437e+02,5.000253984909950304e+02,-9.894569708827911925e-03
5.345819937213085495e+02,5.000245391259102234e+02,-1.005970031045508306e-02
5.345801654960667975e+02,5.000246701788387895e+02,-9.440457486276509699e-03
5.345855025998693009e+02,5.000309977672579294e+02,-9.316118496372054539e-03
5.345932485920566251e+02,5.000230291045361923e+02,-1.075575401816736623e-02
5.345767163422739259e+02,5.000313486042468298e+02,-1.007843455482738786e-02
5.345897249062643368e+02,5.000296945647211260e+02,-1.025781183599383355e-02
5.345859481447821508e+02,5.000271364013974562e+02,-1.021732350148118161e-02
5.345746349017085777e+02,5.000300269410508918e+02,-9.546036839006026911e-03
5.345785968658037746e+02,5.000292289010030800e+02,-9.548504340757340073e-03
5.345779662934256748e+02,5.000298065332163446e+02,-9.530056250715845945e-03
5.345766274974573662e+02,5.000326604798520975e+02,-9.306400618125607385e-03
5.345781232147912760e+02,5.000316454900182066e+02,-9.702810446838293010e-03
5.345776118989213046e+02,5.000362075254068941e+02,-9.305742858334206322e-03
5.345750247414028991e+02,5.000330135939310026e+02,-9.243623640098369565e-03
5.345746466336165668e+02,5.000324222666998253e+02,-8.914178230137093442e-03
5.345721852930073510e+02,5.000333836848841997e+02,-9.248935789679385913e-03
5.345710487909395852e+02,5.000335642507396869e+02,-9.174478834254130855e-03
5.345784513538221745e+02,5.000316041594493299e+02,-8.848695748664116983e-03
5.345782227186779210e+02,5.000311298026545046e+02,-9.429961085107770383e-03
5.345764245780299007e+02,5.000289314435927395e+02,-9.301308203541967454e-03
5.345835732776059785e+02,5.000254848819230915e+02,-9.701273241770416028e-03
5.345838468559096555e+02,5.000287806725702353e+02,-9.685689471424632768e-03
5.345826773004083634e+02,5.000334491230347567e+02,-9.343256411763742331e-03
5.345814140838439243e+02,5.000292805801161080e+02,-9.787417465504138353e-03
5.345776542995947693e+02,5.000299523163859021e+02,-9.777312619150074768e-03
5.345714955159098736e+02,5.000262700594777243e+02,-1.066634918223139002e-02
5.345744119787558475e+02,5.000289020393113901e+02,-1.003590295365202820e-02
5.345791620833444995e+02,5.000299252157909109e+02,-1.002647504933168975e-02
5.345779647492056483e+02,5.000366277464809173e+02,-9.596960732473716962e-03
5.345680224410078836e+02,5.000366036673948429e+02,-9.628430780941405615e-03
5.345724813850100645e+02,5.000329834873593313e+02,-9.968483106412184824e-03
5.345837679708762380e+02,5.000357522417185692e+02,-9.367460369731508626e-03
5.345871767923953257e+02,5.000336109241629856e+02,-9.758673868853756997e-03
5.345815764454415557e+02,5.000346853177545086e+02,-9.905257013212079645e-03
5.345756304203113132e+02,5.000356509266959506e+02,-9.703415596257132167e-03
5.345807508278160185e+02,5.000320339042721116e+02,-9.687864866919367046e-03
5.345879309071540320e+02,5.000319613731802519e+02,-1.023958810478981137e-02
5.345881379917125287e+02,5.000311185989256728e+02,-9.273546775214499063e-03
5.345789434820054566e+02,5.000330719890540081e+02,-9.668215172435499008e-03
5.345841269158886462e+02,5.000287040729215846e+02,-9.453423881766443576e-03
5.345859323332747408e+02,5.000326547266215584e+02,-9.768604809115183016e-03
5.345690113177136027e+02,5.000368130100871440e+02,-9.274533136022555802e-03
5.345719324662609324e+02,5.000400722652868239e+02,-9.408881000185465374e-03
5.345724733804280504e+02,5.000343022188901614e+02,-9.090962481639248624e-03
5.345684133961025282e+02,5.000329550779504757e+02,-9.332231623144593077e-03
5.345713279955480175e+02,5.000325198070889314e+02,-9.564085704463360857e-03
5.345827943952153873e+02,5.000334208388997581e+02,-9.226074819215184311e-03
5.345849256956701083e+02,5.000318783765276862e+02,-9.424436033524045964e-03
5.345685935184116033e+02,5.000312027017043306e+02,-8.704744947892638016e-03
5.345735866687734870e+02,5.000337822157979986e+02,-8.742915340958464995e-03
5.345663814881926328e+02,5.000324544877799440e+02,-8.004519057101068535e-03
5.345707476363544401e+02,5.000384950162685982e+02,-8.370099080842846942e-03
5.345726957556437355e+02,5.000363351956627298e+02,-8.508224631913433034e-03
5.345731180615928224e+02,5.000345073238651707e+02,-9.252714917221065150e-03
5.345693659156196418e+02,5.000298570751380680e+02,-9.334209465531272815e-03
5.345691735140895844e+02,5.000323277657815311e+02,-8.544574870576946563e-03
5.345803540414176496e+02,5.000363079948235736e+02,-8.713165268382500397e-03
5.345762609234590172e+02,5.000315885684834711e+02,-9.628877502780228137e-03
5.345844884680384439e+02,5.000293429301285641e+02,-9.079320406589524300e-03
5.345846131672184356e+02,5.000306338938769954e+02,-9.849717295265620134e-03
5.345909319825052535e+02,5.000310551147402407e+02,-9.281431528835112563e-03
5.345912244718465445e+02,5.000278636217032613e+02,-9.828184375257247377e-03
5.345860546375474769e+02,5.000275202244064303e+02,-1.001624935500469195e-02
5.345949656209858176e+02,5.000242687357351201e+02,-1.060047194826724444e-02
5.345847117226944647e+02,5.000291891756880887e+02,-1.050100531258738902e-02
5.345877982178388947e+02,5.000300302467923643e+02,-9.817733897509386617e-03
5.345762877920803930e+02,5.000299626898914198e+02,-9.378780894192315434e-03
5.345785047724920105e+02,5.000312294568371954e+02,-9.811177028452532783e-03
5.345833624649523017e+02,5.000246180955039677e+02,-9.965768188339928571e-03
5.345798257755039913e+02,5.000227973011156450e+02,-1.086379233326683659e-02
5.345873956346678142e+02,5.000245768790224474e+02,-9.863343395478577080e-03
5.345938394747403208e+02,5.000237333963794981e+02,-9.679558658749620390e-03
5.345874976703029233e+02,5.000273586640183225e+02,-1.003815985943396806e-02
5.345882121623614012e+02,5.000246915143675892e+02,-1.006619279940710286e-02
5.345792124583090299e+02,5.000248768576830685e+02,-9.328978912771207499e-03
5.345779671625771243e+02,5.000294163085429204e+02,-9.022730888283524500e-03
5.345803411297921457e+02,5.000331531826432183e+02,-8.721652213671037338e-03
5.345819570033653463e+02,5.000304267091557904e+02,-9.428523760521978145e-03
5.345762172637295180e+02,5.000290233508105189e+02,-9.738185027279295039e-03
5.345869292932428607e+02,5.000323837480646034e+02,-9.940977115884104542e-03
5.345756695503152969e+02,5.000303424415619702e+02,-9.985728983418033777e-03
5.345832449975735017e+02,5.000285147457288986e+02,-9.906729361681687607e-03
5.345796491784085447e+02,5.000300040151498138e+02,-9.653128480171477635e-03
5.345739692076181200e+02,5.000292828667288632e+02,-9.284048126761460309e-03
5.345766202325459062e+02,5.000315752934851048e+02,-9.557000464283024743e-03
5.345766242554790324e+02,5.000330935742231873e+02,-8.715605474612505080e-03
5.345858532746113951e+02,5.000301607051413839e+02,-8.687593144950484306e-03
5.345921003942310108e+02,5.000331868698606854e+02,-8.899401831376782881e-03
5.345800236300671031e+02,5.000340799944751211e+02,-9.054519627584895966e-03
5.345812417427131322e+02,5.000327866283308254e+02,-9.399091112628096129e-03
5.345744753113389152e+02,5.000273838530495141e+02,-9.693082085517237823e-03
5.345904017223962228e+02,5.000245681024384226e+02,-1.020530109775940296e-02
5.345863606665462839e+02,5.000265583466301109e+02,-9.511285084869418316e-03
5.345906439448036735e+02,5.000274137072872236e+02,-9.669437437068568314e-03
5.345964396579836375e+02,5.000217813980889332e+02,-1.062949534050187592e-02
5.345884936196320041e+02,5.000228979830654907e+02,-1.021780310805959352e-02
5.345935606124729702e+02,5.000236190623879224e+02,-1.022009885128943862e-02
5.345967050750027738e+02,5.000240174984880923e+02,-1.030917409762902026e-02
5.346044173259090257e+02,5.000299383002066520e+02,-1.002517728628186597e-02
5.346128486928651000e+02,5.000191797795337152e+02,-1.057766246907086011e-02
5.346117600207729765e+02,5.000266626109107051e+02,-9.617648309094188955e-03
5.346080477043228711e+02,5.000273126781594897e+02,-1.034774680495711800e-02
5.346039001414156928e+02,5.000280243351887179e+02,-1.077128762309942193e-02
5.346022826486159829e+02,5.000294771864960239e+02,-1.023294923476257556e-02
5.346183774874192522e+02,5.000292284474931535e+02,-9.881787164468450527e-03
5.346068526876842952e+02,5.000307821672054729e+02,-9.127746189582402678e-03
5.346001735876272960e+02,5.000298600718450075e+02,-8.773161293810840047e-03
5.345967025005099913e+02,5.000243344347758807e+02,-9.263570629507821355e-03
5.345967050665963143e+02,5.000325822451696922e+02,-9.455133356021067775e-03
5.345881873404163116e+02,5.000263530969210706e+02,-9.258893897308710652e-03
5.345828866013000606e+02,5.000323551068233883e+02,-9.435001808576468085e-03
5.345785968332440916e+02,5.000315144386029829e+02,-9.421087901363056974e-03
5.345806853699767771e+02,5.000308002483950531e+02,-9.800522652260707998e-03
5.345808070811533526e+02,5.000282321040887723e+02,-9.773730933887654279e-03
5.345818216503662370e+02,5.000291213389699010e+02,-9.354878303255684951e-03
5.345819710853966171e+02,5.000298663203566321e+02,-8.991845406795442863e-03
5.345747268531742975e+02,5.000309717208156144e+02,-9.163307697771834112e-03
5.345738287205722372e+02,5.000249560833033229e+02,-9.753215314932586061e-03
5.345790721585931351e+02,5.000279869183698338e+02,-9.764880547767381888e-03
5.345760429606319803e+02,5.000250161727514637e+02,-1.008789090310591510e-02
5.345790040515271357e+02,5.000273261350898224e+02,-8.832252574126158579e-03
5.345857038322906192e+02,5.000265351442557176e+02,-8.897794984595685033e-03
5.345834558005213921e+02,5.000235841821685767e+02,-9.655649512724387776e-03
5.345831572969459557e+02,5.000266384140672926e+02,-9.429048783637566933e-03
5.345805109830868105e+02,5.000281455416548511e+02,-9.147999396522554783e-03
5.345820442597820374e+02,5.000258438273004913e+02,-9.286037267958926339e-03
5.345806966583830899e+02,5.000261733237923636e+02,-9.858657383623764536e-03
5.345736497125416236e+02,5.000238221734425110e+02,-1.047854773490442329e-02
5.345803187854667158e+02,5.000316190963802114e+02,-1.070318479240625620e-02
5.345765184477386356e+02,5.000303814971770180e+02,-1.037907466398020444e-02
5.345827784963006479e+02,5.000315135392003754e+02,-1.023425200945696743e-02
5.345771027806605389e+02,5.000304347495931552e+02,-9.818385996019930381e-03
5.345788561530812331e+02,5.000309439536722493e+02,-1.018964871484635132e-02
5.345754699159109578e+02,5.000305299327278590e+02,-9.933155333684566893e-03
5.345805915412998957e+02,5.000310631039844793e+02,-9.727029522964341854e-03
5.345777087998283150e+02,5.000293042671505646e+02,-1.021816349323534726e-02
5.345799951769962490e+02,5.000289183942256273e+02,-9.387076136296851683e-03
5.345768065646219611e+02,5.000244760589674229e+02,-1.035204634943138677e-02
5.345919143431295879e+02,5.000281845053622760e+02,-1.029192658719906353e-02
5.345812242757198192e+02,5.000269211146431303e+02,-9.532814450517939492e-03
5.345872217356890133e+02,5.000251301231278944e+02,-1.003921699614094241e-02
5.345866398325244973e+02,5.000231033226903037e+02,-1.015149932554685296e-02
5.345770315517698918e+02,5.000257199010206932e+02,-9.853079675110221897e-03
5.345823648512248383e+02,5.000266076538242146e+02,-9.927165766228002869e-03
5.345798900775756692e+02,5.000237156805295058e+02,-9.623036921924746356e-03
5.345863098835020537e+02,5.000257915939844793e+02,-9.731753947127471174e-03
5.345789950109120809e+02,5.000227046172243490e+02,-9.962477667704984149e-03
5.345782974901204625e+02,5.000279028168126274e+02,-9.794063758467657158e-03
5.345861343649402215e+02,5.000257827580061871e+02,-1.116714594917570663e-02
5.345821901591400547e+02,5.000314708021258525e+02,-1.021566639346537832e-02
5.345850152401364994e+02,5.000235528445205091e+02,-1.034506250187431850e-02
5.345884896672284867e+02,5.000210200706702608e+02,-1.034000487607314792e-02
5.345811226436126162e+02,5.000261714708111640e+02,-1.009575773757892016e-02
5.345803118610041338e+02,5.000277522051979986e+02,-1.020116476332652566e-02
5.345883350737865385e+02,5.000263421496400156e+02,-9.917613308435165032e-03
5.345816825934862209e+02,5.000261947678258139e+02,-9.376604849607030751e-03
5.345789501870108325e+02,5.000258391975303880e+02,-9.306496755071535718e-03
5.345842396018242653e+02,5.000290038217582378e+02,-9.277847118959483413e-03
5.345781660369893871e+02,5.000269297500656194e+02,-9.931898386603878887e-03
5.345765942840383786e+02,5.000325038532144504e+02,-1.018624318058944898e-02
5.345817622445838424e+02,5.000267461396522890e+02,-9.743918616037771860e-03
5.345750915583264486e+02,5.000268094249898922e+02,-9.780218707089531269e-03
5.345766546149873193e+02,5.000290019368611638e+02,-9.995569739113805904e-03
5.345781477573633538e+02,5.000270108690888833e+02,-9.825525004778335597e-03
5.345750442320994580e+02,5.000253004449851915e+02,-9.782573065454575056e-03
5.345747277619310580e+02,5.000278635953767434e+02,-1.077088573311034761e-02
5.345763483003125884e+02,5.000233332583483161e+02,-1.038456217990737021e-02
5.345758155420576259e+02,5.000265934855968908e+02,-1.095900050864772809e-02
5.345786038589405962e+02,5.000299397618536545e+02,-1.005771556987460416e-02
5.345783873280621492e+02,5.000296280810831036e+02,-9.603442861352791404e-03
5.345731286876449531e+02,5.000266679574368709e+02,-9.262182465128018446e-03
5.345735555136571975e+02,5.000307555533050845e+02,-1.039933093764526181e-02
5.345814095622395143e+02,5.000287957726933996e+02,-9.058415064046889537e-03
5.345870068737930296e+02,5.000312401413135035e+02,-9.675049775160050533e-03
5.345805112408468176e+02,5.000289145025848256e+02,-9.836412266297988108e-03
5.345825802852110655e+02,5.000259099128131766e+02,-1.044993852319171627e-02
5.345729588992462595e+02,5.000262022447537333e+02,-9.951449284563930811e-03
5.345792557608441484e+02,5.000256847444384221e+02,-9.971769582936731990e-03
5.345884475589452904e+02,5.000270695750986079e+02,-9.859953826931801973e-03
5.345798225749349513e+02,5.000292067663893363e+02,-9.797935823917922407e-03
5.345819306629131233e+02,5.000280791294878782e+02,-9.762279668854819195e-03
5.345809151545632858e+02,5.000290589829350552e+02,-9.568025181266922446e-03
5.345877552405657980e+02,5.000250115796531531e+02,-1.025157204187925226e-02
5.345695725879867268e+02,5.000260885470812582e+02,-1.008817937313589118e-02
5.345800118796298648e+02,5.000258176256321008e+02,-9.934515093843410138e-03
5.345802795006276256e+02,5.000292510429623007e+02,-9.905214013902331402e-03
5.345719139221123442e+02,5.000242851801257302e+02,-1.031667792803787377e-02
5.345821722337306028e+02,5.000233830055069006e+02,-1.057573070286659672e-02
5.345836112357866341e+02,5.000253158080408866e+02,-1.068744483312118396e-02
5.345710208382840847e+02,5.000218365227951267e+02,-1.062429605954518311e-02
5.345791124715835849e+02,5.000247865069633804e+02,-9.714125616140188019e-03
5.345792353938722954e+02,5.000224821789582279e+02,-9.495659946079140420e-03
5.345801522920654634e+02,5.000251439786143237e+02,-9.607307008695786105e-03
5.345791230454773313e+02,5.000230976631484054e+02,-1.012503159355145413e-02
5.345801382458593025e+02,5.000237705306071234e+02,-9.774543352874273325e-03
5.345771461933127284e+02,5.000274195963829698e+02,-9.889303263521954587e-03
5.345798661291039480e+02,5.000283209242938369e+02,-9.524078719175760668e-03
5.345769281217152411e+02,5.000243228357642238e+02,-9.531821587315636446e-03
5.345768508804761723e+02,5.000277060063708632e+02,-9.023043443378533229e-03
5.345653039914802775e+02,5.000252042779322323e+02,-9.566316112440456307e-03
5.345529481516213082e+02,5.000328217988123924e+02,-8.966601853539991548e-03
5.345613398186399081e+02,5.000319949970428297e+02,-9.274931159485275828e-03
5.345691889161878407e+02,5.000299518512473469e+02,-9.665405283275568110e-03
5.345884800705484849e+02,5.000293119931731667e+02,-9.357581911424477789e-03
5.346134669856031678e+02,5.000396047007689617e+02,-8.577389133000207569e-03
5.346621859879073781e+02,5.000413717072794384e+02,-8.384640079752678915e-03
5.347286671908339031e+02,5.000428160085239710e+02,-8.467117027693286599e-03
5.347573846774457706e+02,5.000471466664133118e+02,-7.277515515802785058e-03
5.348910169496285789e+02,5.000317611338980441e+02,-1.048363811133701078e-02
5.349827071141387478e+02,5.000247841579201804e+02,-1.187363396633472207e-02
5.350611100710818846e+02,5.000326343150059074e+02,-1.122696658723266669e-02
5.352668534837986272e+02,5.000313308671081813e+02,-1.254384318148670310e-02
5.353190398351054000e+02,5.000275024728241533e+02,-1.184110841944811116e-02
5.353810590699877139e+02,5.000332013819558483e+02,-1.242802004124156021e-02
5.355261825253385268e+02,5.000386350541159572e+02,-1.081439296758251491e-02
5.355917003963334082e+02,5.000485849970634717e+02,-1.007481619589973947e-02
5.357883317109093468e+02,5.000269117791406188e+02,-1.390274723472628531e-02
5.359534486779371036e+02,5.000273988496995230e+02,-1.280007158299818412e-02
5.361473693367805708e+02,5.000377562636395510e+02,-1.388818458722228429e-02
5.361366180894402760e+02,5.000405402183664023e+02,-1.349071068369282235e-02
5.361366834223434807e+02,5.000410511072747681e+02,-1.400066556388916347e-02
5.362079878779841238e+02,5.000389219492553821e+02,-1.369274088806075526e-02
5.361199653778985521e+02,5.000296691155745634e+02,-1.864517702257025705e-02
5.362208506453150676e+02,5.000361803255037785e+02,-1.630267851564488890e-02
5.363134198180069916e+02,5.000218019603886432e+02,-1.950037739986217392e-02
5.363481100823387351e+02,5.000278349463532095e+02,-1.886782164481977039e-02
5.364070668583124188e+02,5.000142770417933207e+02,-2.417204339976020827e-02
5.364158945271622088e+02,4.999933519123430301e+02,-2.748590061396464015e-02
5.364211989819988275e+02,5.000105906616149696e+02,-2.575262215988631184e-02
5.364980240736808810e+02,4.999975769488490869e+02,-2.729975279210162739e-02
5.366404851037221988e+02,5.000017824598696734e+02,-2.803086520919270339e-02
5.367544437605773737e+02,5.000044927450584851e+02,-2.769429370770530585e-02
5.366153935650738731e+02,5.000269414855654873e+02,-2.946673221862363898e-02
5.366723915993111405e+02,5.000301101071042353e+02,-2.766037508216943192e-02
5.367384340740097741e+02,5.000113218458687925e+02,-2.957495815290423977e-02
5.367642457919768049e+02,5.000030747390752026e+02,-3.162011533358108362e-02
5.367743015803373510e+02,5.000156524559216678e+02,-3.235766961550910065e-02
5.367613989975774302e+02,4.999985332711474939e+02,-3.413902612302561340e-02
5.367717377303663397e+02,4.999761251030822109e+02,-3.619973966595625009e-02
5.366770540025959235e+02,4.999645090597987291e+02,-3.649529871908337164e-02
5.366940264536478935e+02,4.999553089152183816e+02,-3.752380904095824893e-02
5.367992131643454741e+02,4.999549736655968104e+02,-3.936149560772658762e-02
5.367856855376896874e+02,4.999331527936303132e+02,-4.008753056301288253e-02
5.368605071986618213e+02,4.999018081655646597e+02,-4.598805760879093318e-02
5.371151746753754423e+02,4.998687591306100444e+02,-4.670578704495565586e-02
5.371505194065316573e+02,4.998453822098386468e+02,-5.025854383670254333e-02
5.375271702629464698e+02,4.998486939515003655e+02,-4.911695718651046955e-02
5.376123795752641854e+02,4.998757666634524526e+02,-4.368390871282409188e-02
5.375513385423439559e+02,4.998701283156423756e+02,-4.474853532475434742e-02
5.377200182313517871e+02,4.998537146181645880e+02,-4.538166167157216963e-02
5.379202188436361212e+02,4.998259025099329165e+02,-4.675628860787259256e-02
5.379590764940493273e+02,4.997866692208363588e+02,-5.106026704969837682e-02
5.384976226586131816e+02,4.997682471691206274e+02,-5.018310916161022178e-02
5.383879854433599803e+02,4.997482543074917203e+02,-5.137925277359124687e-02
5.384440717196786181e+02,4.996818891439491495e+02,-5.645488738759262687e-02
5.384861515622409343e+02,4.997129199148581051e+02,-5.212966303070511870e-02
5.380191089191282572e+02,4.996758701255164965e+02,-5.626775971054238240e-02
5.383420676170198931e+02,4.996927285180358354e+02,-5.080256048896706483e-02
5.384136817160177770e+02,4.996758585854724970e+02,-5.138714364722674760e-02
5.384030960341368655e+02,4.996788637964868940e+02,-5.259093977366192246e-02
5.383795000516955724e+02,4.996874734283404678e+02,-5.231119750291225723e-02
5.388036605009111781e+02,4.996966426561390904e+02,-4.811936290064512678e-02
5.388582628017451270e+02,4.996669706107566071e+02,-4.729062243051160297e-02
5.392917986810869024e+02,4.996321302030243601e+02,-4.715618832861033505e-02
5.393481759021585731e+02,4.996976147819901826e+02,-4.139896575386205896e-02
5.395245091538856741e+02,4.997625884834314434e+02,-3.564695624465188950e-02
5.394279590696313562e+02,4.996743724776302429e+02,-4.184094651085488309e-02
5.390964506205928046e+02,4.997233511714622409e+02,-3.637914557509683289e-02
5.390551187079012152e+02,4.997362267584571782e+02,-3.286549097811953396e-02
5.389463875676693760e+02,4.996252988329711684e+02,-4.709161345015496630e-02
5.389503764790599689e+02,4.995951951800603297e+02,-4.676209102889471170e-02
5.389540749419414851e+02,4.995634261959970672e+02,-4.808741176402573508e-02
5.389412234894959965e+02,4.995629956603061146e+02,-4.767874935438784489e-02
5.389590938260815847e+02,4.995440199027390804e+02,-4.780195880655480761e-02
5.392166996053998673e+02,4.994962769843111232e+02,-4.838990128769969645e-02
5.397298426729742005e+02,4.994306321675885556e+02,-5.113640648223579527e-02
5.404114014696760933e+02,4.994272629818223095e+02,-4.678534880521789674e-02
5.405366392615303539e+02,4.994581320310873025e+02,-4.500282228296992315e-02
5.411979856493536545e+02,4.994313181990701764e+02,-4.399861350870783172e-02
5.418908653918624623e+02,4.994126712628616360e+02,-4.384456086566205363e-02
5.425675692982205192e+02,4.993968901407063754e+02,-4.283796867076224146e-02
5.425856070038017833e+02,4.993837281694941339e+02,-4.604931968072724369e-02
5.423713242828177954e+02,4.994094346370993662e+02,-4.367938256530816410e-02
5.424928479053393175e+02,4.993055419081694595e+02,-4.474301273275533425e-02
5.425150047258542827e+02,4.993173152953072531e+02,-4.398434404794777930e-02
5.422769128267445922e+02,4.993807762567670920e+02,-3.868148424489611936e-02
5.423113871082135802e+02,4.994287671897321843e+02,-4.186481506999702867e-02
5.422668899667639835e+02,4.994399289524488381e+02,-4.253532911901749397e-02
5.424337373467025145e+02,4.993991099221129843e+02,-3.851213730077857750e-02
5.426743931670558823e+02,4.993903093969241809e+02,-3.670006319052772359e-02
5.423788714381338423e+02,4.993531631536105806e+02,-3.260619527115728167e-02
5.424155883266109868e+02,4.993380838366635430e+02,-3.483303247488082899e-02
5.424690559764671889e+02,4.993954800717080502e+02,-2.917462816009881374e-02
5.425658412088172327e+02,4.996351223245305846e+02,-4.157401949341751890e-02
5.426272415648703600e+02,4.996410686947577346e+02,-4.145479280582019255e-02
5.425763659644940162e+02,4.997001544297673945e+02,-4.642748100809649531e-02
5.428904270003567945e+02,4.998011799292417550e+02,-5.253159278727437959e-02
5.429869112713624872e+02,4.996229521825410416e+02,-4.006564021962525507e-02
5.431262704476254157e+02,4.996971088024543519e+02,-4.675843722801020091e-02
5.431464976448784228e+02,4.996670067553554304e+02,-4.340067119038505672e-02
5.432409951349576431e+02,4.997016646406166842e+02,-4.543925863964472234e-02
5.433183371268531801e+02,4.997063165915132004e+02,-4.125205912636465549e-02
5.438614223181801890e+02,4.996159959984500460e+02,-3.493577760410001426e-02
5.441881449283274605e+02,4.996219772025121415e+02,-3.453941995587528346e-02
5.440312605215826807e+02,4.996378164592986195e+02,-3.874864780654459911e-02
5.440355633019619290e+02,4.996497518201198318e+02,-3.873792202073576829e-02
5.443125492195729294e+02,4.996605777894891389e+02,-3.884830061880131108e-02
5.442853938392520377e+02,4.996101820685746588e+02,-3.726221005580420548e-02
5.442943892320057557e+02,4.996249266503427862e+02,-4.153983612917404311e-02
5.442025511382254308e+02,4.995030139818403541e+02,-4.023779955505588091e-02
5.446665889260123095e+02,4.995196263414419491e+02,-3.309591398801835921e-02
5.448094146591971594e+02,4.995765849561839786e+02,-3.902275087553899735e-02
5.448212792942050555e+02,4.995815137223914917e+02,-4.028404825760782682e-02
5.448162279572060243e+02,4.995788693657760859e+02,-4.304046589267632866e-02
5.449031284228371987e+02,4.996000560210421781e+02,-4.355843853638976387e-02
